-- ============================================================
-- GIE - Seed de datos demo (con usuarios e historial)
-- Ejecutar en SQL Editor → New query → "Run without RLS"
-- ============================================================

-- Limpiar datos previos
TRUNCATE public.historial_informes RESTART IDENTITY CASCADE;
TRUNCATE public.informes RESTART IDENTITY CASCADE;
TRUNCATE public.categorias RESTART IDENTITY CASCADE;
TRUNCATE public.alumnos RESTART IDENTITY CASCADE;

-- ============================================================
-- USUARIOS DEMO
-- ============================================================
INSERT INTO auth.users (id, instance_id, email, encrypted_password, email_confirmed_at, raw_app_meta_data, raw_user_meta_data, created_at, updated_at)
VALUES 
  ('u1111111-1111-1111-1111-111111111111', '00000000-0000-0000-0000-000000000000', 'doe@gmail.com', crypt('doe123', gen_salt('bf')), now(), '{"provider":"email","providers":["email"]}', '{}', now(), now()),
  ('u2222222-2222-2222-2222-222222222222', '00000000-0000-0000-0000-000000000000', 'preceptor@gie.com', crypt('preceptor123', gen_salt('bf')), now(), '{"provider":"email","providers":["email"]}', '{}', now(), now()),
  ('u3333333-3333-3333-3333-333333333333', '00000000-0000-0000-0000-000000000000', 'docente@gie.com', crypt('docente123', gen_salt('bf')), now(), '{"provider":"email","providers":["email"]}', '{}', now(), now()),
  ('u4444444-4444-4444-4444-444444444444', '00000000-0000-0000-0000-000000000000', 'regente@gie.com', crypt('regente123', gen_salt('bf')), now(), '{"provider":"email","providers":["email"]}', '{}', now(), now()),
  ('u5555555-5555-5555-5555-555555555555', '00000000-0000-0000-0000-000000000000', 'admin@gie.com', crypt('admin123', gen_salt('bf')), now(), '{"provider":"email","providers":["email"]}', '{}', now(), now())
ON CONFLICT (email) DO NOTHING;

UPDATE public.perfiles SET nombre = 'test', apellido = 'DOE', rol = 'doe', activo = true WHERE id = 'u1111111-1111-1111-1111-111111111111';
UPDATE public.perfiles SET nombre = 'test', apellido = 'preceptor', rol = 'preceptor', activo = true WHERE id = 'u2222222-2222-2222-2222-222222222222';
UPDATE public.perfiles SET nombre = 'test', apellido = 'docente', rol = 'docente', activo = true WHERE id = 'u3333333-3333-3333-3333-333333333333';
UPDATE public.perfiles SET nombre = 'test', apellido = 'regente', rol = 'regente', activo = true WHERE id = 'u4444444-4444-4444-4444-444444444444';
UPDATE public.perfiles SET nombre = 'Sistema', apellido = 'Admin', rol = 'regente', activo = true WHERE id = 'u5555555-5555-5555-5555-555555555555';

-- 1. ALUMNOS (40 estudiantes, grados 1° a 6°, divisiones 1-3, turnos variados)
INSERT INTO public.alumnos (id, nombre, apellido, curso, division, turno) VALUES
('a1111111-1111-1111-1111-111111111111', 'Lucas',       'Alvarez',     '1°', '1', 'Mañana'),
('a2222222-2222-2222-2222-222222222222', 'Sofía',       'Benítez',     '1°', '1', 'Mañana'),
('a3333333-3333-3333-3333-333333333333', 'Mateo',       'Castro',      '1°', '2', 'Mañana'),
('a4444444-4444-4444-4444-444444444444', 'Valentina',   'Díaz',        '1°', '2', 'Mañana'),
('a5555555-5555-5555-5555-555555555555', 'Thiago',      'Espósito',    '1°', '3', 'Tarde'),
('a6666666-6666-6666-6666-666666666666', 'Camila',      'Fernández',   '1°', '3', 'Tarde'),
('a7777777-7777-7777-7777-777777777777', 'Benjamín',    'García',      '2°', '1', 'Tarde'),
('a8888888-8888-8888-8888-888888888888', 'Isabella',    'Hernández',   '2°', '1', 'Tarde'),
('a9999999-9999-9999-9999-999999999999', 'Santiago',    'Ibáñez',      '2°', '2', 'Tarde'),
('a1010101-0101-0101-0101-010101010101', 'Martina',     'Jiménez',     '2°', '2', 'Noche'),
('a1111112-1111-1111-1111-111111111112', 'Emiliano',    'Klein',       '2°', '3', 'Noche'),
('a1212121-2121-2121-2121-212121212121', 'Julieta',     'Luna',        '2°', '3', 'Noche'),
('a1313131-3131-3131-3131-313131313131', 'Máximo',      'Moreno',      '3°', '1', 'Noche'),
('a1414141-4141-4141-4141-414141414141', 'Victoria',    'Navarro',     '3°', '1', 'Mañana'),
('a1515151-5151-5151-5151-515151515151', 'Bruno',       'Ortiz',       '3°', '2', 'Mañana'),
('a1616161-6161-6161-6161-616161616161', 'Catalina',    'Pérez',       '3°', '2', 'Mañana'),
('a1717171-7171-7171-7171-717171717171', 'Tomás',       'Quinteros',   '3°', '3', 'Tarde'),
('a1818181-8181-8181-8181-818181818181', 'Emma',        'Ramírez',     '3°', '3', 'Tarde'),
('a1919191-9191-9191-9191-919191919191', 'Facundo',     'Silva',       '4°', '1', 'Tarde'),
('a2020202-0202-0202-0202-020202020202', 'Agustina',    'Torres',      '4°', '1', 'Noche'),
('a2121212-1212-1212-1212-121212121212', 'Joaquín',     'Vargas',      '4°', '2', 'Noche'),
('a2222223-2223-2223-2223-222322232223', 'Morena',      'Wainstein',   '4°', '2', 'Noche'),
('a2323232-3232-3232-3232-323232323232', 'Bautista',    'Yáñez',       '4°', '3', 'Mañana'),
('a2424242-4242-4242-4242-424242424242', 'Milagros',    'Zabala',      '4°', '3', 'Mañana'),
('a2525252-5252-5252-5252-525252525252', 'Dante',       'Acosta',      '5°', '1', 'Mañana'),
('a2626262-6262-6262-6262-626262626262', 'Renata',      'Bravo',       '5°', '1', 'Mañana'),
('a2727272-7272-7272-7272-727272727272', 'León',        'Cabrera',     '5°', '2', 'Tarde'),
('a2828282-8282-8282-8282-828282828282', 'Antonella',   'Domínguez',   '5°', '2', 'Tarde'),
('a2929292-9292-9292-9292-929292929292', 'Francisco',   'Escobar',     '5°', '3', 'Noche'),
('a3030303-0303-0303-0303-030303030303', 'Guadalupe',   'Flores',      '5°', '3', 'Noche'),
('a3131313-1313-1313-1313-131313131313', 'Ignacio',     'Guzmán',      '6°', '1', 'Noche'),
('a3232323-2323-2323-2323-232323232323', 'Aitana',      'Herrera',     '6°', '1', 'Noche'),
('a3333334-3334-3334-3334-333433343334', 'Valentino',   'Ibarra',      '6°', '2', 'Mañana'),
('a3434343-4343-4343-4343-434343434343', 'Cecilia',     'Juárez',      '6°', '2', 'Mañana'),
('a3535353-5353-5353-5353-535353535353', 'Sebastián',   'Kovacs',      '6°', '3', 'Tarde'),
('a3636363-6363-6363-6363-636363636363', 'Florencia',   'Lagos',       '6°', '3', 'Tarde'),
('a3737373-7373-7373-7373-737373737373', 'Matías',      'Molina',      '6°', '1', 'Mañana'),
('a3838383-8383-8383-8383-838383838383', 'Rocío',       'Nuñez',       '6°', '2', 'Tarde'),
('a3939393-9393-9393-9393-939393939393', 'Nicolás',     'Ortega',      '5°', '1', 'Noche'),
('a4040404-0404-0404-0404-040404040404', 'Paula',       'Peralta',     '4°', '1', 'Mañana');

-- 1b. CATEGORÍAS
INSERT INTO public.categorias (id, nombre, color, activo) VALUES
('c1111111-1111-1111-1111-111111111111', 'Conducta', '#ef4444', TRUE),
('c2222222-2222-2222-2222-222222222222', 'Disciplina', '#f97316', TRUE),
('c3333333-3333-3333-3333-333333333333', 'Asistencia', '#3b82f6', TRUE),
('c4444444-4444-4444-4444-444444444444', 'Académica', '#10b981', TRUE),
('c5555555-5555-5555-5555-555555555555', 'Otros', '#94a3b8', TRUE);

-- 2. INFORMES (~60 informes variados)
INSERT INTO public.informes (id, alumno_id, categoria_id, tipo_falta, titulo, instancia, resumen, estado, creado_por, revisado_por, fecha_creacion, fecha_revision, motivo_rechazo, observaciones, fecha_reunion) VALUES
('i00000001-0000-0000-0000-000000000000', 'a1515151-5151-5151-5151-515151515151', 'c5555555-5555-5555-5555-555555555555', 'Otra', 'Interrupción reiterada de clase', 'leve', 'El alumno interrumpió la clase en múltiples ocasiones pese a las advertencias del docente.', 'aprobado', 'u3333333-3333-3333-3333-333333333333', 'u5555555-5555-5555-5555-555555555555', '2026-04-12 09:00:00+00', '2026-04-13 11:00:00+00', NULL, 'Se contactó a los padres por teléfono.', '2026-04-30'),
('i00000002-0000-0000-0000-000000000000', 'a1515151-5151-5151-5151-515151515151', 'c5555555-5555-5555-5555-555555555555', 'Otra', 'Interrupción reiterada de clase', 'leve', 'Reincidencia del mismo comportamiento. Se solicitó que mantenga silencio pero persistió.', 'aprobado', 'u3333333-3333-3333-3333-333333333333', 'u4444444-4444-4444-4444-444444444444', '2026-03-14 09:00:00+00', '2026-03-15 11:00:00+00', NULL, 'Reincidencia. Se programó entrevista.', NULL),
('i00000003-0000-0000-0000-000000000000', 'a1515151-5151-5151-5151-515151515151', 'c5555555-5555-5555-5555-555555555555', 'Otra', 'Uso de auriculares durante clase', 'leve', 'El alumno utilizaba auriculares durante la explicación del docente, ignorando las advertencias.', 'aprobado', 'u2222222-2222-2222-2222-222222222222', 'u5555555-5555-5555-5555-555555555555', '2026-03-10 10:00:00+00', '2026-03-11 09:00:00+00', NULL, 'Primera vez que ocurre.', NULL),
('i00000004-0000-0000-0000-000000000000', 'a1515151-5151-5151-5151-515151515151', 'c1111111-1111-1111-1111-111111111111', 'Conducta', 'Discusión verbal con compañero', 'grave', 'Discusión verbal elevada con un compañero que interrumpió las clases aledañas.', 'aprobado', 'u3333333-3333-3333-3333-333333333333', 'u4444444-4444-4444-4444-444444444444', '2026-03-20 09:15:00+00', '2026-03-21 10:00:00+00', NULL, 'Ambos alumnos fueron llamados a coordinación.', NULL),
('i00000005-0000-0000-0000-000000000000', 'a1515151-5151-5151-5151-515151515151', 'c1111111-1111-1111-1111-111111111111', 'Conducta', 'Discusión verbal con compañero', 'grave', 'Segunda discusión en menos de un mes con el mismo compañero.', 'aprobado', 'u3333333-3333-3333-3333-333333333333', 'u5555555-5555-5555-5555-555555555555', '2026-04-08 13:30:00+00', '2026-04-10 09:00:00+00', NULL, 'Reincidencia del mismo comportamiento.', '2026-05-05'),
('i00000006-0000-0000-0000-000000000000', 'a1515151-5151-5151-5151-515151515151', 'c2222222-2222-2222-2222-222222222222', 'Disciplina', 'Encendido de fuego en patio', 'muy_grave', 'El alumno encendió una hoja de papel en el patio durante el recreo, poniendo en riesgo la seguridad.', 'aprobado', 'u2222222-2222-2222-2222-222222222222', 'u4444444-4444-4444-4444-444444444444', '2026-04-14 12:30:00+00', '2026-04-15 10:00:00+00', NULL, 'Se aplicó sanción de suspensión de 2 días.', NULL),
('i00000007-0000-0000-0000-000000000000', 'a1515151-5151-5151-5151-515151515151', 'c2222222-2222-2222-2222-222222222222', 'Disciplina', 'Uso de auriculares durante clase', 'leve', 'Utilizaba auriculares durante la explicación del docente, ignorando las advertencias.', 'pendiente', 'u3333333-3333-3333-3333-333333333333', NULL, '2026-04-23 10:00:00+00', NULL, NULL, NULL, NULL),
('i00000008-0000-0000-0000-000000000000', 'a1515151-5151-5151-5151-515151515151', 'c1111111-1111-1111-1111-111111111111', 'Conducta', 'Falta de respeto hacia compañero', 'grave', 'Utilizó lenguaje inapropiado hacia un compañero durante el recreo.', 'pendiente', 'u3333333-3333-3333-3333-333333333333', NULL, '2026-04-20 12:00:00+00', NULL, NULL, NULL, NULL),
('i00000009-0000-0000-0000-000000000000', 'a1515151-5151-5151-5151-515151515151', 'c1111111-1111-1111-1111-111111111111', 'Conducta', 'Golpeó la puerta al salir del aula', 'leve', 'El alumno golpeó la puerta con fuerza al ser enviado a coordinación.', 'aprobado', 'u2222222-2222-2222-2222-222222222222', 'u5555555-5555-5555-5555-555555555555', '2026-04-12 14:30:00+00', '2026-04-13 10:00:00+00', NULL, 'Segundo informe leve del mismo día.', NULL),
('i00000010-0000-0000-0000-000000000000', 'a1616161-6161-6161-6161-616161616161', 'c2222222-2222-2222-2222-222222222222', 'Disciplina', 'Fuga del aula sin permiso', 'grave', 'El alumno abandonó el aula durante la clase sin solicitar permiso al docente.', 'aprobado', 'u3333333-3333-3333-3333-333333333333', 'u4444444-4444-4444-4444-444444444444', '2026-04-05 15:00:00+00', '2026-04-06 08:30:00+00', NULL, 'Volvió a los 15 minutos.', '2026-04-28'),
('i00000011-0000-0000-0000-000000000000', 'a1616161-6161-6161-6161-616161616161', 'c3333333-3333-3333-3333-333333333333', 'Asistencia', 'Ausencia injustificada de 2 días', 'leve', 'Faltó dos días consecutivos sin presentar justificación.', 'pendiente', 'u3333333-3333-3333-3333-333333333333', NULL, '2026-04-18 09:00:00+00', NULL, NULL, NULL, NULL),
('i00000012-0000-0000-0000-000000000000', 'a1616161-6161-6161-6161-616161616161', 'c1111111-1111-1111-1111-111111111111', 'Conducta', 'Lenguaje inapropiado hacia preceptor', 'grave', 'Utilizó palabras ofensivas hacia el preceptor al ser llamada la atención.', 'aprobado', 'u2222222-2222-2222-2222-222222222222', 'u4444444-4444-4444-4444-444444444444', '2026-03-28 11:00:00+00', '2026-03-29 09:00:00+00', NULL, 'Se citó a los padres.', '2026-04-15'),
('i00000013-0000-0000-0000-000000000000', 'a1818181-8181-8181-8181-818181818181', 'c3333333-3333-3333-3333-333333333333', 'Asistencia', 'Retiro anticipado sin autorización', 'leve', 'El alumno abandonó el establecimiento antes del horario sin la autorización correspondiente.', 'aprobado', 'u3333333-3333-3333-3333-333333333333', 'u5555555-5555-5555-5555-555555555555', '2026-04-16 11:00:00+00', '2026-04-18 09:00:00+00', NULL, 'Justificó posteriormente con nota médica.', NULL),
('i00000014-0000-0000-0000-000000000000', 'a1818181-8181-8181-8181-818181818181', 'c5555555-5555-5555-5555-555555555555', 'Otra', 'Olvido de materiales reiterado', 'leve', 'Olvidó los materiales necesarios para la clase de educación física por tercera vez.', 'pendiente', 'u3333333-3333-3333-3333-333333333333', NULL, '2026-04-21 07:50:00+00', NULL, NULL, NULL, NULL),
('i00000015-0000-0000-0000-000000000000', 'a7777777-7777-7777-7777-777777777777', 'c3333333-3333-3333-3333-333333333333', 'Asistencia', 'Llegadas tarde consecutivas', 'leve', 'El alumno acumula 5 llegadas tarde en el mes sin justificación.', 'aprobado', 'u2222222-2222-2222-2222-222222222222', 'u5555555-5555-5555-5555-555555555555', '2026-04-12 08:15:00+00', '2026-04-16 10:00:00+00', NULL, 'Padres notificados por mail.', NULL),
('i00000016-0000-0000-0000-000000000000', 'a7777777-7777-7777-7777-777777777777', 'c2222222-2222-2222-2222-222222222222', 'Disciplina', 'Alteración del orden en el aula', 'leve', 'Generó disturbios durante la clase de matemática.', 'pendiente', 'u3333333-3333-3333-3333-333333333333', NULL, '2026-04-19 09:00:00+00', NULL, NULL, NULL, NULL),
('i00000017-0000-0000-0000-000000000000', 'a7777777-7777-7777-7777-777777777777', 'c1111111-1111-1111-1111-111111111111', 'Conducta', 'Discusión con compañero en patio', 'grave', 'Discusión verbal que atrajo la atención de otros cursos.', 'aprobado', 'u3333333-3333-3333-3333-333333333333', 'u5555555-5555-5555-5555-555555555555', '2026-03-15 12:00:00+00', '2026-03-16 10:00:00+00', NULL, 'Ambos alumnos se disculparon.', NULL),
('i00000018-0000-0000-0000-000000000000', 'a3333333-3333-3333-3333-333333333333', 'c5555555-5555-5555-5555-555555555555', 'Otra', 'Olvido de materiales reiterado', 'leve', 'La alumna olvidó los materiales necesarios para la clase de educación física por tercera vez.', 'aprobado', 'u2222222-2222-2222-2222-222222222222', 'u4444444-4444-4444-4444-444444444444', '2026-04-14 07:50:00+00', '2026-04-14 12:00:00+00', NULL, 'Se le prestó material del depósito.', NULL),
('i00000019-0000-0000-0000-000000000000', 'a3333333-3333-3333-3333-333333333333', 'c1111111-1111-1111-1111-111111111111', 'Conducta', 'Empujón a compañero en fila', 'leve', 'Empujó a un compañero mientras esperaban en la fila del comedor.', 'pendiente', 'u3333333-3333-3333-3333-333333333333', NULL, '2026-04-22 12:30:00+00', NULL, NULL, NULL, NULL),
('i00000020-0000-0000-0000-000000000000', 'a4444444-4444-4444-4444-444444444444', 'c1111111-1111-1111-1111-111111111111', 'Conducta', 'Falta de respeto hacia un compañero', 'grave', 'Durante el recreo, utilizó un lenguaje inapropiado hacia un compañero generando un incidente.', 'aprobado', 'u3333333-3333-3333-3333-333333333333', 'u4444444-4444-4444-4444-444444444444', '2026-04-15 11:00:00+00', '2026-04-15 14:00:00+00', NULL, 'Se medió conversación entre ambas partes.', NULL),
('i00000021-0000-0000-0000-000000000000', 'a4444444-4444-4444-4444-444444444444', 'c2222222-2222-2222-2222-222222222222', 'Disciplina', 'Uso de celular durante clase', 'leve', 'Fue sorprendida utilizando el celular durante la clase de historia.', 'pendiente', 'u2222222-2222-2222-2222-222222222222', NULL, '2026-04-20 10:00:00+00', NULL, NULL, NULL, NULL),
('i00000022-0000-0000-0000-000000000000', 'a4444444-4444-4444-4444-444444444444', 'c3333333-3333-3333-3333-333333333333', 'Asistencia', 'Llegada tarde reiterada', 'leve', 'Acumula 6 llegadas tarde en el mes.', 'aprobado', 'u3333333-3333-3333-3333-333333333333', 'u4444444-4444-4444-4444-444444444444', '2026-03-22 08:30:00+00', '2026-03-23 09:00:00+00', NULL, 'Notificación enviada a familia.', NULL),
('i00000023-0000-0000-0000-000000000000', 'a5555555-5555-5555-5555-555555555555', 'c3333333-3333-3333-3333-333333333333', 'Asistencia', 'Ausencia injustificada', 'leve', 'El alumno faltó 3 días consecutivos sin presentar justificación.', 'pendiente', 'u3333333-3333-3333-3333-333333333333', NULL, '2026-04-17 09:00:00+00', NULL, NULL, NULL, NULL),
('i00000024-0000-0000-0000-000000000000', 'a5555555-5555-5555-5555-555555555555', 'c1111111-1111-1111-1111-111111111111', 'Conducta', 'Golpeó la puerta del aula', 'leve', 'Golpeó la puerta con fuerza al salir del aula.', 'aprobado', 'u2222222-2222-2222-2222-222222222222', 'u4444444-4444-4444-4444-444444444444', '2026-03-10 14:00:00+00', '2026-03-11 09:00:00+00', NULL, 'Se habló con el alumno.', NULL),
('i00000025-0000-0000-0000-000000000000', 'a1010101-0101-0101-0101-010101010101', 'c4444444-4444-4444-4444-444444444444', 'Académica', 'Plagio en trabajo práctico', 'grave', 'Se detectó que el trabajo práctico presentado fue copiado de internet sin citar fuentes.', 'rechazado', 'u3333333-3333-3333-3333-333333333333', 'u4444444-4444-4444-4444-444444444444', '2026-04-08 13:45:00+00', '2026-04-09 09:00:00+00', 'Falta adjuntar las fuentes consultadas para reconsiderar.', NULL, NULL),
('i00000026-0000-0000-0000-000000000000', 'a1010101-0101-0101-0101-010101010101', 'c5555555-5555-5555-5555-555555555555', 'Otra', 'No trajo autorización de salida', 'leve', 'Salió del establecimiento sin la autorización firmada.', 'pendiente', 'u3333333-3333-3333-3333-333333333333', NULL, '2026-04-23 15:00:00+00', NULL, NULL, NULL, NULL),
('i00000027-0000-0000-0000-000000000000', 'a1414141-4141-4141-4141-414141414141', 'c4444444-4444-4444-4444-444444444444', 'Académica', 'Fraude en trabajo grupal', 'muy_grave', 'Se detectó que la alumna no participó en el trabajo grupal pero figuraba como autora.', 'rechazado', 'u2222222-2222-2222-2222-222222222222', 'u4444444-4444-4444-4444-444444444444', '2026-04-11 10:00:00+00', '2026-04-13 16:00:00+00', 'Falta documentación de la participación individual.', NULL, NULL),
('i00000028-0000-0000-0000-000000000000', 'a1414141-4141-4141-4141-414141414141', 'c1111111-1111-1111-1111-111111111111', 'Conducta', 'Falta de respeto hacia docente', 'grave', 'Respondió de manera irrespetuosa al docente cuando se le llamó la atención.', 'aprobado', 'u3333333-3333-3333-3333-333333333333', 'u4444444-4444-4444-4444-444444444444', '2026-03-18 10:00:00+00', '2026-03-19 09:30:00+00', NULL, 'Se programó entrevista.', '2026-04-05'),
('i00000029-0000-0000-0000-000000000000', 'a1212121-2121-2121-2121-212121212121', 'c2222222-2222-2222-2222-222222222222', 'Disciplina', 'Copia en examen escrito', 'muy_grave', 'Se detectó que el alumno copió respuestas de otro estudiante durante un examen escrito de matemática.', 'rechazado', 'u3333333-3333-3333-3333-333333333333', 'u4444444-4444-4444-4444-444444444444', '2026-04-12 11:00:00+00', '2026-04-14 16:00:00+00', 'Se requiere presentar pruebas adicionales. El informe original carece de evidencia fotográfica.', NULL, NULL),
('i00000030-0000-0000-0000-000000000000', 'a1212121-2121-2121-2121-212121212121', 'c5555555-5555-5555-5555-555555555555', 'Otra', 'No presentó justificativo médico', 'leve', 'Faltó dos días y no presentó el justificativo médico.', 'aprobado', 'u2222222-2222-2222-2222-222222222222', 'u4444444-4444-4444-4444-444444444444', '2026-03-25 09:00:00+00', '2026-03-26 10:00:00+00', NULL, 'Se le dio plazo de 48 horas.', NULL),
('i00000031-0000-0000-0000-000000000000', 'a9999999-9999-9999-9999-999999999999', 'c5555555-5555-5555-5555-555555555555', 'Otra', 'Solicitud de entrevista con psicopedagoga', 'leve', 'La alumna presenta dificultades de atención sostenida que afectan su rendimiento.', 'aprobado', 'u3333333-3333-3333-3333-333333333333', 'u5555555-5555-5555-5555-555555555555', '2026-04-10 09:00:00+00', '2026-04-11 10:00:00+00', NULL, 'Se deriva al equipo de orientación escolar.', '2026-05-10'),
('i00000032-0000-0000-0000-000000000000', 'a9999999-9999-9999-9999-999999999999', 'c1111111-1111-1111-1111-111111111111', 'Conducta', 'Rehuso seguir instrucciones', 'leve', 'Se negó a realizar la actividad propuesta por el docente.', 'pendiente', 'u3333333-3333-3333-3333-333333333333', NULL, '2026-04-21 09:00:00+00', NULL, NULL, NULL, NULL),
('i00000033-0000-0000-0000-000000000000', 'a2222222-2222-2222-2222-222222222222', 'c5555555-5555-5555-5555-555555555555', 'Otra', 'Primera llamada de atención formal', 'grave', 'La alumna acumula 3 informes leves en el mes. Se realiza primera llamada de atención formal.', 'aprobado', 'u2222222-2222-2222-2222-222222222222', 'u5555555-5555-5555-5555-555555555555', '2026-04-20 11:00:00+00', '2026-04-21 09:00:00+00', NULL, 'Reunión programada con orientación.', '2026-05-02'),
('i00000034-0000-0000-0000-000000000000', 'a2222222-2222-2222-2222-222222222222', 'c2222222-2222-2222-2222-222222222222', 'Disciplina', 'Dibujos en los bancos', 'leve', 'Realizó dibujos con marcador indeleble en el banco del aula.', 'aprobado', 'u3333333-3333-3333-3333-333333333333', 'u4444444-4444-4444-4444-444444444444', '2026-03-12 10:00:00+00', '2026-03-13 09:00:00+00', NULL, 'Debe limpiar el banco en horario de almuerzo.', NULL),
('i00000035-0000-0000-0000-000000000000', 'a2222222-2222-2222-2222-222222222222', 'c3333333-3333-3333-3333-333333333333', 'Asistencia', 'Retiro sin autorización', 'leve', 'Se retiró antes del horario sin la correspondiente autorización firmada.', 'pendiente', 'u3333333-3333-3333-3333-333333333333', NULL, '2026-04-19 14:00:00+00', NULL, NULL, NULL, NULL),
('i00000036-0000-0000-0000-000000000000', 'a1313131-3131-3131-3131-313131313131', 'c2222222-2222-2222-2222-222222222222', 'Disciplina', 'Uso de celular durante evaluación', 'muy_grave', 'El alumno fue sorprendido utilizando su teléfono celular durante una evaluación escrita.', 'pendiente', 'u2222222-2222-2222-2222-222222222222', NULL, '2026-04-18 10:30:00+00', NULL, NULL, NULL, NULL),
('i00000037-0000-0000-0000-000000000000', 'a1313131-3131-3131-3131-313131313131', 'c1111111-1111-1111-1111-111111111111', 'Conducta', 'Agresión verbal a compañero', 'grave', 'Insultó repetidamente a un compañero frente a testigos.', 'aprobado', 'u3333333-3333-3333-3333-333333333333', 'u5555555-5555-5555-5555-555555555555', '2026-03-05 11:00:00+00', '2026-03-06 09:00:00+00', NULL, 'Se citó a los padres de ambos.', '2026-03-20'),
('i00000038-0000-0000-0000-000000000000', 'a1717171-7171-7171-7171-717171717171', 'c3333333-3333-3333-3333-333333333333', 'Asistencia', 'Llegadas tarde reiteradas', 'leve', 'Acumula 7 llegadas tarde en el mes.', 'pendiente', 'u3333333-3333-3333-3333-333333333333', NULL, '2026-04-12 08:00:00+00', NULL, NULL, NULL, NULL),
('i00000039-0000-0000-0000-000000000000', 'a1717171-7171-7171-7171-717171717171', 'c2222222-2222-2222-2222-222222222222', 'Disciplina', 'Rompe objetos del aula', 'grave', 'Rompió intencionalmente una regla de madera del aula.', 'aprobado', 'u2222222-2222-2222-2222-222222222222', 'u5555555-5555-5555-5555-555555555555', '2026-03-30 10:00:00+00', '2026-03-31 09:00:00+00', NULL, 'Debe reponer el material.', NULL),
('i00000040-0000-0000-0000-000000000000', 'a8888888-8888-8888-8888-888888888888', 'c1111111-1111-1111-1111-111111111111', 'Conducta', 'Falta de respeto hacia docente', 'grave', 'Respondió de manera irrespetuosa al docente cuando se le llamó la atención.', 'pendiente', 'u3333333-3333-3333-3333-333333333333', NULL, '2026-04-22 10:00:00+00', NULL, NULL, NULL, NULL),
('i00000041-0000-0000-0000-000000000000', 'a8888888-8888-8888-8888-888888888888', 'c5555555-5555-5555-5555-555555555555', 'Otra', 'No trajo material de trabajo', 'leve', 'Olvidó el material por cuarta vez en el mes.', 'aprobado', 'u3333333-3333-3333-3333-333333333333', 'u5555555-5555-5555-5555-555555555555', '2026-04-02 09:00:00+00', '2026-04-03 10:00:00+00', NULL, 'Se notificó a la familia.', NULL),
('i00000042-0000-0000-0000-000000000000', 'a6666666-6666-6666-6666-666666666666', 'c2222222-2222-2222-2222-222222222222', 'Disciplina', 'Alteración del orden en clase', 'leve', 'Generó disturbios y alteró el orden durante la clase.', 'pendiente', 'u2222222-2222-2222-2222-222222222222', NULL, '2026-04-19 08:00:00+00', NULL, NULL, NULL, NULL),
('i00000043-0000-0000-0000-000000000000', 'a6666666-6666-6666-6666-666666666666', 'c3333333-3333-3333-3333-333333333333', 'Asistencia', 'Falta injustificada', 'leve', 'Faltó un día sin presentar justificación.', 'aprobado', 'u3333333-3333-3333-3333-333333333333', 'u5555555-5555-5555-5555-555555555555', '2026-03-08 09:00:00+00', '2026-03-09 10:00:00+00', NULL, 'Justificó posteriormente.', NULL),
('i00000044-0000-0000-0000-000000000000', 'a1111111-1111-1111-1111-111111111111', 'c2222222-2222-2222-2222-222222222222', 'Disciplina', 'Uso de celular durante clase', 'leve', 'Utilizaba el celular durante el desarrollo de la clase.', 'pendiente', 'u3333333-3333-3333-3333-333333333333', NULL, '2026-04-22 10:00:00+00', NULL, NULL, NULL, NULL),
('i00000045-0000-0000-0000-000000000000', 'a1111111-1111-1111-1111-111111111111', 'c1111111-1111-1111-1111-111111111111', 'Conducta', 'Empujón en el pasillo', 'leve', 'Empujó a un compañero en el pasillo durante el cambio de hora.', 'aprobado', 'u2222222-2222-2222-2222-222222222222', 'u5555555-5555-5555-5555-555555555555', '2026-03-17 11:00:00+00', '2026-03-18 09:00:00+00', NULL, 'Se medió en el momento.', NULL),
('i00000046-0000-0000-0000-000000000000', 'a1111112-1111-1111-1111-111111111112', 'c4444444-4444-4444-4444-444444444444', 'Académica', 'No entrega trabajos prácticos', 'leve', 'No entregó tres trabajos prácticos consecutivos.', 'aprobado', 'u3333333-3333-3333-3333-333333333333', 'u4444444-4444-4444-4444-444444444444', '2026-04-06 09:00:00+00', '2026-04-07 10:00:00+00', NULL, 'Se citó a los padres.', NULL),
('i00000047-0000-0000-0000-000000000000', 'a1111112-1111-1111-1111-111111111112', 'c2222222-2222-2222-2222-222222222222', 'Disciplina', 'Perturbación durante evaluación', 'grave', 'Hablaba y disturbaba durante una evaluación escrita.', 'pendiente', 'u3333333-3333-3333-3333-333333333333', NULL, '2026-04-24 10:00:00+00', NULL, NULL, NULL, NULL),
('i00000048-0000-0000-0000-000000000000', 'a1919191-9191-9191-9191-919191919191', 'c1111111-1111-1111-1111-111111111111', 'Conducta', 'Discusión verbal en el patio', 'grave', 'Discusión elevada con un compañero que atrajo la atención de otros cursos.', 'aprobado', 'u2222222-2222-2222-2222-222222222222', 'u4444444-4444-4444-4444-444444444444', '2026-04-03 12:00:00+00', '2026-04-04 09:00:00+00', NULL, 'Ambos fueron amonestados.', NULL),
('i00000049-0000-0000-0000-000000000000', 'a1919191-9191-9191-9191-919191919191', 'c3333333-3333-3333-3333-333333333333', 'Asistencia', 'Llegada tarde habitual', 'leve', 'Acumula 8 llegadas tarde en el bimestre.', 'pendiente', 'u3333333-3333-3333-3333-333333333333', NULL, '2026-04-20 08:15:00+00', NULL, NULL, NULL, NULL),
('i00000050-0000-0000-0000-000000000000', 'a2020202-0202-0202-0202-020202020202', 'c5555555-5555-5555-5555-555555555555', 'Otra', 'No traje material para taller', 'leve', 'Olvidó el material para el taller de arte por segunda vez.', 'aprobado', 'u3333333-3333-3333-3333-333333333333', 'u4444444-4444-4444-4444-444444444444', '2026-03-20 10:00:00+00', '2026-03-21 09:00:00+00', NULL, 'Se le prestó material.', NULL),
('i00000051-0000-0000-0000-000000000000', 'a2020202-0202-0202-0202-020202020202', 'c2222222-2222-2222-2222-222222222222', 'Disciplina', 'Uso de celular prohibido', 'leve', 'Utilizaba el celular durante la clase de biología.', 'pendiente', 'u2222222-2222-2222-2222-222222222222', NULL, '2026-04-17 11:00:00+00', NULL, NULL, NULL, NULL),
('i00000052-0000-0000-0000-000000000000', 'a2121212-1212-1212-1212-121212121212', 'c1111111-1111-1111-1111-111111111111', 'Conducta', 'Agresión física leve', 'grave', 'Le dio un empujón a un compañero generando una caída leve.', 'aprobado', 'u3333333-3333-3333-3333-333333333333', 'u4444444-4444-4444-4444-444444444444', '2026-04-01 12:30:00+00', '2026-04-02 09:00:00+00', NULL, 'Se aplicó sanción de reflexión.', '2026-04-20'),
('i00000053-0000-0000-0000-000000000000', 'a2121212-1212-1212-1212-121212121212', 'c3333333-3333-3333-3333-333333333333', 'Asistencia', 'Ausencia de 4 días', 'leve', 'Faltó cuatro días sin justificación.', 'pendiente', 'u3333333-3333-3333-3333-333333333333', NULL, '2026-04-15 09:00:00+00', NULL, NULL, NULL, NULL),
('i00000054-0000-0000-0000-000000000000', 'a2525252-5252-5252-5252-525252525252', 'c2222222-2222-2222-2222-222222222222', 'Disciplina', 'Encendió papel en el baño', 'muy_grave', 'Encendió papel higiénico en el baño de varones generando alarma.', 'aprobado', 'u2222222-2222-2222-2222-222222222222', 'u4444444-4444-4444-4444-444444444444', '2026-03-08 11:00:00+00', '2026-03-09 09:00:00+00', NULL, 'Se aplicó suspensión de 3 días.', NULL),
('i00000055-0000-0000-0000-000000000000', 'a2525252-5252-5252-5252-525252525252', 'c1111111-1111-1111-1111-111111111111', 'Conducta', 'Robo de útil escolar', 'grave', 'Fue sorprendido con un útil escolar que pertenecía a otro alumno.', 'pendiente', 'u3333333-3333-3333-3333-333333333333', NULL, '2026-04-18 10:00:00+00', NULL, NULL, NULL, NULL),
('i00000056-0000-0000-0000-000000000000', 'a2626262-6262-6262-6262-626262626262', 'c4444444-4444-4444-4444-444444444444', 'Académica', 'Copia en trabajo escrito', 'grave', 'Se detectó que copió párrafos enteros de Wikipedia sin citar.', 'rechazado', 'u3333333-3333-3333-3333-333333333333', 'u5555555-5555-5555-5555-555555555555', '2026-04-10 13:00:00+00', '2026-04-12 16:00:00+00', 'Falta bibliografía y citas correspondientes.', NULL, NULL),
('i00000057-0000-0000-0000-000000000000', 'a2626262-6262-6262-6262-626262626262', 'c5555555-5555-5555-5555-555555555555', 'Otra', 'No trajo justificación de ausencia', 'leve', 'Faltó 3 días y no presentó la justificación.', 'aprobado', 'u2222222-2222-2222-2222-222222222222', 'u5555555-5555-5555-5555-555555555555', '2026-03-15 09:00:00+00', '2026-03-16 10:00:00+00', NULL, 'Se extendió plazo de 72 horas.', NULL),
('i00000058-0000-0000-0000-000000000000', 'a2727272-7272-7272-7272-727272727272', 'c3333333-3333-3333-3333-333333333333', 'Asistencia', 'Retiro anticipado habitual', 'leve', 'Se retira antes del horario sin autorización al menos una vez por semana.', 'pendiente', 'u3333333-3333-3333-3333-333333333333', NULL, '2026-04-14 14:00:00+00', NULL, NULL, NULL, NULL),
('i00000059-0000-0000-0000-000000000000', 'a2727272-7272-7272-7272-727272727272', 'c1111111-1111-1111-1111-111111111111', 'Conducta', 'Falta de respeto a preceptor', 'grave', 'Respondió de forma irrespetuosa al preceptor en el control de entrada.', 'aprobado', 'u3333333-3333-3333-3333-333333333333', 'u5555555-5555-5555-5555-555555555555', '2026-03-22 08:00:00+00', '2026-03-23 09:00:00+00', NULL, 'Se citó a los padres.', '2026-04-10'),
('i00000060-0000-0000-0000-000000000000', 'a2929292-9292-9292-9292-929292929292', 'c2222222-2222-2222-2222-222222222222', 'Disciplina', 'Daño a computadora del aula', 'muy_grave', 'Rompió intencionalmente la pantalla de una computadora del aula.', 'aprobado', 'u2222222-2222-2222-2222-222222222222', 'u4444444-4444-4444-4444-444444444444', '2026-04-05 10:00:00+00', '2026-04-06 09:00:00+00', NULL, 'Debe reponer el equipo. Suspensión de 5 días.', NULL),
('i00000061-0000-0000-0000-000000000000', 'a2929292-9292-9292-9292-929292929292', 'c3333333-3333-3333-3333-333333333333', 'Asistencia', 'Faltas injustificadas reiteradas', 'leve', 'Acumula 10 faltas injustificadas en el bimestre.', 'pendiente', 'u3333333-3333-3333-3333-333333333333', NULL, '2026-04-22 09:00:00+00', NULL, NULL, NULL, NULL),
('i00000062-0000-0000-0000-000000000000', 'a3131313-1313-1313-1313-131313131313', 'c1111111-1111-1111-1111-111111111111', 'Conducta', 'Discusión física con compañero', 'muy_grave', 'Se involucró en una pelea física con un compañero en el patio.', 'aprobado', 'u3333333-3333-3333-3333-333333333333', 'u4444444-4444-4444-4444-444444444444', '2026-03-12 12:00:00+00', '2026-03-13 09:00:00+00', NULL, 'Ambos alumnos suspendidos 2 días.', NULL),
('i00000063-0000-0000-0000-000000000000', 'a3131313-1313-1313-1313-131313131313', 'c4444444-4444-4444-4444-444444444444', 'Académica', 'Fraude en evaluación final', 'muy_grave', 'Fue sorprendido con un apunte durante el examen final de física.', 'rechazado', 'u2222222-2222-2222-2222-222222222222', 'u4444444-4444-4444-4444-444444444444', '2026-04-12 09:00:00+00', '2026-04-14 16:00:00+00', 'Falta evidencia fotográfica del hecho.', NULL, NULL),
('i00000064-0000-0000-0000-000000000000', 'a3232323-2323-2323-2323-232323232323', 'c5555555-5555-5555-5555-555555555555', 'Otra', 'No entrega proyectos', 'leve', 'No entregó el proyecto de química en la fecha estipulada.', 'aprobado', 'u3333333-3333-3333-3333-333333333333', 'u4444444-4444-4444-4444-444444444444', '2026-04-08 09:00:00+00', '2026-04-09 10:00:00+00', NULL, 'Se le dio extensión de una semana.', NULL),
('i00000065-0000-0000-0000-000000000000', 'a3232323-2323-2323-2323-232323232323', 'c1111111-1111-1111-1111-111111111111', 'Conducta', 'Lenguaje inapropiado en clase', 'grave', 'Utilizó lenguaje soez en clase delante de sus compañeros.', 'pendiente', 'u3333333-3333-3333-3333-333333333333', NULL, '2026-04-20 11:00:00+00', NULL, NULL, NULL, NULL),
('i00000066-0000-0000-0000-000000000000', 'a3333334-3334-3334-3334-333433343334', 'c3333333-3333-3333-3333-333333333333', 'Asistencia', 'Llegadas tarde crónicas', 'leve', 'Acumula 12 llegadas tarde en el bimestre.', 'aprobado', 'u2222222-2222-2222-2222-222222222222', 'u4444444-4444-4444-4444-444444444444', '2026-04-01 08:30:00+00', '2026-04-02 09:00:00+00', NULL, 'Se notificó a la familia por escrito.', NULL),
('i00000067-0000-0000-0000-000000000000', 'a3333334-3334-3334-3334-333433343334', 'c2222222-2222-2222-2222-222222222222', 'Disciplina', 'Fuga del establecimiento', 'grave', 'Abandonó el establecimiento durante el recreo sin permiso.', 'pendiente', 'u3333333-3333-3333-3333-333333333333', NULL, '2026-04-18 12:00:00+00', NULL, NULL, NULL, NULL),
('i00000068-0000-0000-0000-000000000000', 'a3434343-4343-4343-4343-434343434343', 'c1111111-1111-1111-1111-111111111111', 'Conducta', 'Amenaza verbal a compañero', 'grave', 'Amenazó a un compañero frente a testigos en el aula.', 'aprobado', 'u3333333-3333-3333-3333-333333333333', 'u4444444-4444-4444-4444-444444444444', '2026-03-25 10:00:00+00', '2026-03-26 09:00:00+00', NULL, 'Se citó a los padres. Entrevista programada.', '2026-04-15'),
('i00000069-0000-0000-0000-000000000000', 'a3434343-4343-4343-4343-434343434343', 'c5555555-5555-5555-5555-555555555555', 'Otra', 'Olvido de uniforme reiterado', 'leve', 'No trajo el uniforme completo por quinta vez en el mes.', 'pendiente', 'u2222222-2222-2222-2222-222222222222', NULL, '2026-04-21 08:00:00+00', NULL, NULL, NULL, NULL),
('i00000070-0000-0000-0000-000000000000', 'a3535353-5353-5353-5353-535353535353', 'c2222222-2222-2222-2222-222222222222', 'Disciplina', 'Vandalismo en baño', 'muy_grave', 'Rompió un espejo y escribió en las paredes del baño.', 'aprobado', 'u3333333-3333-3333-3333-333333333333', 'u4444444-4444-4444-4444-444444444444', '2026-04-07 11:00:00+00', '2026-04-08 09:00:00+00', NULL, 'Debe pagar los daños. Suspensión de 3 días.', NULL),
('i00000071-0000-0000-0000-000000000000', 'a3535353-5353-5353-5353-535353535353', 'c3333333-3333-3333-3333-333333333333', 'Asistencia', 'Ausencia prolongada', 'leve', 'Faltó 5 días consecutivos sin justificación.', 'pendiente', 'u3333333-3333-3333-3333-333333333333', NULL, '2026-04-16 09:00:00+00', NULL, NULL, NULL, NULL),
('i00000072-0000-0000-0000-000000000000', 'a3737373-7373-7373-7373-737373737373', 'c1111111-1111-1111-1111-111111111111', 'Conducta', 'Falta de respeto a directivo', 'grave', 'Respondió de forma agresiva al director cuando fue llamado a su oficina.', 'aprobado', 'u2222222-2222-2222-2222-222222222222', 'u4444444-4444-4444-4444-444444444444', '2026-03-18 10:00:00+00', '2026-03-19 09:00:00+00', NULL, 'Se citó a los padres de inmediato.', '2026-04-01'),
('i00000073-0000-0000-0000-000000000000', 'a3737373-7373-7373-7373-737373737373', 'c5555555-5555-5555-5555-555555555555', 'Otra', 'No trajo autorización de salida', 'leve', 'Se retiró sin la autorización correspondiente.', 'pendiente', 'u3333333-3333-3333-3333-333333333333', NULL, '2026-04-23 14:00:00+00', NULL, NULL, NULL, NULL),
('i00000074-0000-0000-0000-000000000000', 'a3838383-8383-8383-8383-838383838383', 'c4444444-4444-4444-4444-444444444444', 'Académica', 'Plagio en ensayo de lengua', 'grave', 'El ensayo presentado fue copiado integramente de internet.', 'rechazado', 'u3333333-3333-3333-3333-333333333333', 'u5555555-5555-5555-5555-555555555555', '2026-04-09 13:00:00+00', '2026-04-11 16:00:00+00', 'Falta indicar fuentes y presentar borradores.', NULL, NULL),
('i00000075-0000-0000-0000-000000000000', 'a3838383-8383-8383-8383-838383838383', 'c3333333-3333-3333-3333-333333333333', 'Asistencia', 'Llegada tarde reiterada', 'leve', 'Acumula 6 llegadas tarde en lo que va del mes.', 'aprobado', 'u2222222-2222-2222-2222-222222222222', 'u5555555-5555-5555-5555-555555555555', '2026-04-14 08:15:00+00', '2026-04-15 10:00:00+00', NULL, 'Se envió notificación a la familia.', NULL),
('i00000076-0000-0000-0000-000000000000', 'a3939393-9393-9393-9393-939393939393', 'c2222222-2222-2222-2222-222222222222', 'Disciplina', 'Portación de sustancia prohibida', 'muy_grave', 'Fue sorprendido con un cigarrillo electrónico dentro del establecimiento.', 'aprobado', 'u3333333-3333-3333-3333-333333333333', 'u4444444-4444-4444-4444-444444444444', '2026-04-04 10:00:00+00', '2026-04-05 09:00:00+00', NULL, 'Se aplicó suspensión de 5 días. Entrevista obligatoria.', NULL),
('i00000077-0000-0000-0000-000000000000', 'a3939393-9393-9393-9393-939393939393', 'c1111111-1111-1111-1111-111111111111', 'Conducta', 'Intimidación a compañero', 'grave', 'Intimidó a un compañero menor en el pasillo.', 'pendiente', 'u3333333-3333-3333-3333-333333333333', NULL, '2026-04-19 12:00:00+00', NULL, NULL, NULL, NULL),
('i00000078-0000-0000-0000-000000000000', 'a4040404-0404-0404-0404-040404040404', 'c5555555-5555-5555-5555-555555555555', 'Otra', 'No trajo material de lectura', 'leve', 'Olvidó el libro de lectura por tercera vez.', 'aprobado', 'u2222222-2222-2222-2222-222222222222', 'u4444444-4444-4444-4444-444444444444', '2026-03-28 09:00:00+00', '2026-03-29 10:00:00+00', NULL, 'Se le prestó ejemplar de la biblioteca.', NULL),
('i00000079-0000-0000-0000-000000000000', 'a4040404-0404-0404-0404-040404040404', 'c1111111-1111-1111-1111-111111111111', 'Conducta', 'Falta de respeto hacia compañera', 'grave', 'Insultó a una compañera frente al curso.', 'pendiente', 'u3333333-3333-3333-3333-333333333333', NULL, '2026-04-24 11:00:00+00', NULL, NULL, NULL, NULL),
('i00000080-0000-0000-0000-000000000000', 'a2323232-3232-3232-3232-323232323232', 'c3333333-3333-3333-3333-333333333333', 'Asistencia', 'Ausencia de 3 días', 'leve', 'Faltó tres días sin presentar justificación.', 'aprobado', 'u3333333-3333-3333-3333-333333333333', 'u4444444-4444-4444-4444-444444444444', '2026-04-02 09:00:00+00', '2026-04-03 10:00:00+00', NULL, 'Se contactó telefónicamente a la familia.', NULL),
('i00000081-0000-0000-0000-000000000000', 'a2323232-3232-3232-3232-323232323232', 'c2222222-2222-2222-2222-222222222222', 'Disciplina', 'Uso de celular en horario de clase', 'leve', 'Utilizaba el celular durante la clase de historia.', 'pendiente', 'u2222222-2222-2222-2222-222222222222', NULL, '2026-04-20 10:00:00+00', NULL, NULL, NULL, NULL),
('i00000082-0000-0000-0000-000000000000', 'a2424242-4242-4242-4242-424242424242', 'c1111111-1111-1111-1111-111111111111', 'Conducta', 'Empujón en el comedor', 'leve', 'Empujó a una compañera en la fila del comedor.', 'aprobado', 'u3333333-3333-3333-3333-333333333333', 'u4444444-4444-4444-4444-444444444444', '2026-03-14 12:00:00+00', '2026-03-15 09:00:00+00', NULL, 'Se medió conversación.', NULL),
('i00000083-0000-0000-0000-000000000000', 'a2424242-4242-4242-4242-424242424242', 'c5555555-5555-5555-5555-555555555555', 'Otra', 'No entrega tareas', 'leve', 'No entregó cuatro tareas consecutivas.', 'pendiente', 'u3333333-3333-3333-3333-333333333333', NULL, '2026-04-17 09:00:00+00', NULL, NULL, NULL, NULL),
('i00000084-0000-0000-0000-000000000000', 'a2828282-8282-8282-8282-828282828282', 'c2222222-2222-2222-2222-222222222222', 'Disciplina', 'Fuma en el baño', 'grave', 'Fue sorprendida fumando en el baño de alumnas.', 'aprobado', 'u2222222-2222-2222-2222-222222222222', 'u4444444-4444-4444-4444-444444444444', '2026-04-11 10:00:00+00', '2026-04-12 09:00:00+00', NULL, 'Se citó a los padres. Suspensión de 2 días.', NULL),
('i00000085-0000-0000-0000-000000000000', 'a2828282-8282-8282-8282-828282828282', 'c3333333-3333-3333-3333-333333333333', 'Asistencia', 'Llegada tarde habitual', 'leve', 'Acumula 9 llegadas tarde en el bimestre.', 'pendiente', 'u3333333-3333-3333-3333-333333333333', NULL, '2026-04-23 08:00:00+00', NULL, NULL, NULL, NULL),
('i00000086-0000-0000-0000-000000000000', 'a3030303-0303-0303-0303-030303030303', 'c1111111-1111-1111-1111-111111111111', 'Conducta', 'Amenaza a compañera', 'grave', 'Amenazó a una compañera por redes sociales.', 'aprobado', 'u3333333-3333-3333-3333-333333333333', 'u4444444-4444-4444-4444-444444444444', '2026-03-20 09:00:00+00', '2026-03-21 10:00:00+00', NULL, 'Se derivó al equipo de orientación.', '2026-04-05'),
('i00000087-0000-0000-0000-000000000000', 'a3030303-0303-0303-0303-030303030303', 'c5555555-5555-5555-5555-555555555555', 'Otra', 'No traje material de plástica', 'leve', 'Olvidó el material para la clase de plástica.', 'pendiente', 'u2222222-2222-2222-2222-222222222222', NULL, '2026-04-21 10:00:00+00', NULL, NULL, NULL, NULL),
('i00000088-0000-0000-0000-000000000000', 'a2222223-2223-2223-2223-222322232223', 'c4444444-4444-4444-4444-444444444444', 'Académica', 'Copia en trabajo de ciencias', 'grave', 'El trabajo grupal fue copiado de otro curso.', 'rechazado', 'u3333333-3333-3333-3333-333333333333', 'u5555555-5555-5555-5555-555555555555', '2026-04-13 13:00:00+00', '2026-04-15 16:00:00+00', 'Falta evidencia del proceso de trabajo.', NULL, NULL),
('i00000089-0000-0000-0000-000000000000', 'a2222223-2223-2223-2223-222322232223', 'c2222222-2222-2222-2222-222222222222', 'Disciplina', 'Uso de celular durante evaluación', 'muy_grave', 'Fue sorprendida utilizando el celular durante un examen.', 'pendiente', 'u3333333-3333-3333-3333-333333333333', NULL, '2026-04-22 10:00:00+00', NULL, NULL, NULL, NULL),

-- 3. HISTORIAL DE INFORMES
INSERT INTO public.historial_informes (informe_id, usuario_id, fecha, accion, detalle) VALUES
('i00000001-0000-0000-0000-000000000000', 'u3333333-3333-3333-3333-333333333333', '2026-04-12 09:00:00+00', 'creacion', 'Informe creado por test docente'),
('i00000001-0000-0000-0000-000000000000', 'u5555555-5555-5555-5555-555555555555', '2026-04-13 11:00:00+00', 'aprobacion', 'Informe aprobado por Sistema Admin'),
('i00000002-0000-0000-0000-000000000000', 'u3333333-3333-3333-3333-333333333333', '2026-03-14 09:00:00+00', 'creacion', 'Informe creado por test docente'),
('i00000002-0000-0000-0000-000000000000', 'u4444444-4444-4444-4444-444444444444', '2026-03-15 11:00:00+00', 'aprobacion', 'Informe aprobado por test regente'),
('i00000003-0000-0000-0000-000000000000', 'u2222222-2222-2222-2222-222222222222', '2026-03-10 10:00:00+00', 'creacion', 'Informe creado por test preceptor'),
('i00000003-0000-0000-0000-000000000000', 'u5555555-5555-5555-5555-555555555555', '2026-03-11 09:00:00+00', 'aprobacion', 'Informe aprobado por Sistema Admin'),
('i00000004-0000-0000-0000-000000000000', 'u3333333-3333-3333-3333-333333333333', '2026-03-20 09:15:00+00', 'creacion', 'Informe creado por test docente'),
('i00000004-0000-0000-0000-000000000000', 'u4444444-4444-4444-4444-444444444444', '2026-03-21 10:00:00+00', 'aprobacion', 'Informe aprobado por test regente'),
('i00000005-0000-0000-0000-000000000000', 'u3333333-3333-3333-3333-333333333333', '2026-04-08 13:30:00+00', 'creacion', 'Informe creado por test docente'),
('i00000005-0000-0000-0000-000000000000', 'u5555555-5555-5555-5555-555555555555', '2026-04-10 09:00:00+00', 'aprobacion', 'Informe aprobado por Sistema Admin'),
('i00000006-0000-0000-0000-000000000000', 'u2222222-2222-2222-2222-222222222222', '2026-04-14 12:30:00+00', 'creacion', 'Informe creado por test preceptor'),
('i00000006-0000-0000-0000-000000000000', 'u4444444-4444-4444-4444-444444444444', '2026-04-15 10:00:00+00', 'aprobacion', 'Informe aprobado por test regente'),
('i00000007-0000-0000-0000-000000000000', 'u3333333-3333-3333-3333-333333333333', '2026-04-23 10:00:00+00', 'creacion', 'Informe creado por test docente'),
('i00000008-0000-0000-0000-000000000000', 'u3333333-3333-3333-3333-333333333333', '2026-04-20 12:00:00+00', 'creacion', 'Informe creado por test docente'),
('i00000009-0000-0000-0000-000000000000', 'u2222222-2222-2222-2222-222222222222', '2026-04-12 14:30:00+00', 'creacion', 'Informe creado por test preceptor'),
('i00000009-0000-0000-0000-000000000000', 'u5555555-5555-5555-5555-555555555555', '2026-04-13 10:00:00+00', 'aprobacion', 'Informe aprobado por Sistema Admin'),
('i00000010-0000-0000-0000-000000000000', 'u3333333-3333-3333-3333-333333333333', '2026-04-05 15:00:00+00', 'creacion', 'Informe creado por test docente'),
('i00000010-0000-0000-0000-000000000000', 'u4444444-4444-4444-4444-444444444444', '2026-04-06 08:30:00+00', 'aprobacion', 'Informe aprobado por test regente'),
('i00000011-0000-0000-0000-000000000000', 'u3333333-3333-3333-3333-333333333333', '2026-04-18 09:00:00+00', 'creacion', 'Informe creado por test docente'),
('i00000012-0000-0000-0000-000000000000', 'u2222222-2222-2222-2222-222222222222', '2026-03-28 11:00:00+00', 'creacion', 'Informe creado por test preceptor'),
('i00000012-0000-0000-0000-000000000000', 'u4444444-4444-4444-4444-444444444444', '2026-03-29 09:00:00+00', 'aprobacion', 'Informe aprobado por test regente'),
('i00000013-0000-0000-0000-000000000000', 'u3333333-3333-3333-3333-333333333333', '2026-04-16 11:00:00+00', 'creacion', 'Informe creado por test docente'),
('i00000013-0000-0000-0000-000000000000', 'u5555555-5555-5555-5555-555555555555', '2026-04-18 09:00:00+00', 'aprobacion', 'Informe aprobado por Sistema Admin'),
('i00000014-0000-0000-0000-000000000000', 'u3333333-3333-3333-3333-333333333333', '2026-04-21 07:50:00+00', 'creacion', 'Informe creado por test docente'),
('i00000015-0000-0000-0000-000000000000', 'u2222222-2222-2222-2222-222222222222', '2026-04-12 08:15:00+00', 'creacion', 'Informe creado por test preceptor'),
('i00000015-0000-0000-0000-000000000000', 'u5555555-5555-5555-5555-555555555555', '2026-04-16 10:00:00+00', 'aprobacion', 'Informe aprobado por Sistema Admin'),
('i00000016-0000-0000-0000-000000000000', 'u3333333-3333-3333-3333-333333333333', '2026-04-19 09:00:00+00', 'creacion', 'Informe creado por test docente'),
('i00000017-0000-0000-0000-000000000000', 'u3333333-3333-3333-3333-333333333333', '2026-03-15 12:00:00+00', 'creacion', 'Informe creado por test docente'),
('i00000017-0000-0000-0000-000000000000', 'u5555555-5555-5555-5555-555555555555', '2026-03-16 10:00:00+00', 'aprobacion', 'Informe aprobado por Sistema Admin'),
('i00000018-0000-0000-0000-000000000000', 'u2222222-2222-2222-2222-222222222222', '2026-04-14 07:50:00+00', 'creacion', 'Informe creado por test preceptor'),
('i00000018-0000-0000-0000-000000000000', 'u4444444-4444-4444-4444-444444444444', '2026-04-14 12:00:00+00', 'aprobacion', 'Informe aprobado por test regente'),
('i00000019-0000-0000-0000-000000000000', 'u3333333-3333-3333-3333-333333333333', '2026-04-22 12:30:00+00', 'creacion', 'Informe creado por test docente'),
('i00000020-0000-0000-0000-000000000000', 'u3333333-3333-3333-3333-333333333333', '2026-04-15 11:00:00+00', 'creacion', 'Informe creado por test docente'),
('i00000020-0000-0000-0000-000000000000', 'u4444444-4444-4444-4444-444444444444', '2026-04-15 14:00:00+00', 'aprobacion', 'Informe aprobado por test regente'),
('i00000021-0000-0000-0000-000000000000', 'u2222222-2222-2222-2222-222222222222', '2026-04-20 10:00:00+00', 'creacion', 'Informe creado por test preceptor'),
('i00000022-0000-0000-0000-000000000000', 'u3333333-3333-3333-3333-333333333333', '2026-03-22 08:30:00+00', 'creacion', 'Informe creado por test docente'),
('i00000022-0000-0000-0000-000000000000', 'u4444444-4444-4444-4444-444444444444', '2026-03-23 09:00:00+00', 'aprobacion', 'Informe aprobado por test regente'),
('i00000023-0000-0000-0000-000000000000', 'u3333333-3333-3333-3333-333333333333', '2026-04-17 09:00:00+00', 'creacion', 'Informe creado por test docente'),
('i00000024-0000-0000-0000-000000000000', 'u2222222-2222-2222-2222-222222222222', '2026-03-10 14:00:00+00', 'creacion', 'Informe creado por test preceptor'),
('i00000024-0000-0000-0000-000000000000', 'u4444444-4444-4444-4444-444444444444', '2026-03-11 09:00:00+00', 'aprobacion', 'Informe aprobado por test regente'),
('i00000025-0000-0000-0000-000000000000', 'u3333333-3333-3333-3333-333333333333', '2026-04-08 13:45:00+00', 'creacion', 'Informe creado por test docente'),
('i00000025-0000-0000-0000-000000000000', 'u4444444-4444-4444-4444-444444444444', '2026-04-09 09:00:00+00', 'rechazo', 'Informe rechazado por test regente. Motivo: Falta adjuntar las fuentes consultadas para reconsiderar.'),
('i00000026-0000-0000-0000-000000000000', 'u3333333-3333-3333-3333-333333333333', '2026-04-23 15:00:00+00', 'creacion', 'Informe creado por test docente'),
('i00000027-0000-0000-0000-000000000000', 'u2222222-2222-2222-2222-222222222222', '2026-04-11 10:00:00+00', 'creacion', 'Informe creado por test preceptor'),
('i00000027-0000-0000-0000-000000000000', 'u4444444-4444-4444-4444-444444444444', '2026-04-13 16:00:00+00', 'rechazo', 'Informe rechazado por test regente. Motivo: Falta documentación de la participación individual.'),
('i00000028-0000-0000-0000-000000000000', 'u3333333-3333-3333-3333-333333333333', '2026-03-18 10:00:00+00', 'creacion', 'Informe creado por test docente'),
('i00000028-0000-0000-0000-000000000000', 'u4444444-4444-4444-4444-444444444444', '2026-03-19 09:30:00+00', 'aprobacion', 'Informe aprobado por test regente'),
('i00000029-0000-0000-0000-000000000000', 'u3333333-3333-3333-3333-333333333333', '2026-04-12 11:00:00+00', 'creacion', 'Informe creado por test docente'),
('i00000029-0000-0000-0000-000000000000', 'u4444444-4444-4444-4444-444444444444', '2026-04-14 16:00:00+00', 'rechazo', 'Informe rechazado por test regente. Motivo: Se requiere presentar pruebas adicionales. El informe original carece de evidencia fotográfica.'),
('i00000030-0000-0000-0000-000000000000', 'u2222222-2222-2222-2222-222222222222', '2026-03-25 09:00:00+00', 'creacion', 'Informe creado por test preceptor'),
('i00000030-0000-0000-0000-000000000000', 'u4444444-4444-4444-4444-444444444444', '2026-03-26 10:00:00+00', 'aprobacion', 'Informe aprobado por test regente'),
('i00000031-0000-0000-0000-000000000000', 'u3333333-3333-3333-3333-333333333333', '2026-04-10 09:00:00+00', 'creacion', 'Informe creado por test docente'),
('i00000031-0000-0000-0000-000000000000', 'u5555555-5555-5555-5555-555555555555', '2026-04-11 10:00:00+00', 'aprobacion', 'Informe aprobado por Sistema Admin'),
('i00000032-0000-0000-0000-000000000000', 'u3333333-3333-3333-3333-333333333333', '2026-04-21 09:00:00+00', 'creacion', 'Informe creado por test docente'),
('i00000033-0000-0000-0000-000000000000', 'u2222222-2222-2222-2222-222222222222', '2026-04-20 11:00:00+00', 'creacion', 'Informe creado por test preceptor'),
('i00000033-0000-0000-0000-000000000000', 'u5555555-5555-5555-5555-555555555555', '2026-04-21 09:00:00+00', 'aprobacion', 'Informe aprobado por Sistema Admin'),
('i00000034-0000-0000-0000-000000000000', 'u3333333-3333-3333-3333-333333333333', '2026-03-12 10:00:00+00', 'creacion', 'Informe creado por test docente'),
('i00000034-0000-0000-0000-000000000000', 'u4444444-4444-4444-4444-444444444444', '2026-03-13 09:00:00+00', 'aprobacion', 'Informe aprobado por test regente'),
('i00000035-0000-0000-0000-000000000000', 'u3333333-3333-3333-3333-333333333333', '2026-04-19 14:00:00+00', 'creacion', 'Informe creado por test docente'),
('i00000036-0000-0000-0000-000000000000', 'u2222222-2222-2222-2222-222222222222', '2026-04-18 10:30:00+00', 'creacion', 'Informe creado por test preceptor'),
('i00000037-0000-0000-0000-000000000000', 'u3333333-3333-3333-3333-333333333333', '2026-03-05 11:00:00+00', 'creacion', 'Informe creado por test docente'),
('i00000037-0000-0000-0000-000000000000', 'u5555555-5555-5555-5555-555555555555', '2026-03-06 09:00:00+00', 'aprobacion', 'Informe aprobado por Sistema Admin'),
('i00000038-0000-0000-0000-000000000000', 'u3333333-3333-3333-3333-333333333333', '2026-04-12 08:00:00+00', 'creacion', 'Informe creado por test docente'),
('i00000039-0000-0000-0000-000000000000', 'u2222222-2222-2222-2222-222222222222', '2026-03-30 10:00:00+00', 'creacion', 'Informe creado por test preceptor'),
('i00000039-0000-0000-0000-000000000000', 'u5555555-5555-5555-5555-555555555555', '2026-03-31 09:00:00+00', 'aprobacion', 'Informe aprobado por Sistema Admin'),
('i00000040-0000-0000-0000-000000000000', 'u3333333-3333-3333-3333-333333333333', '2026-04-22 10:00:00+00', 'creacion', 'Informe creado por test docente'),
('i00000041-0000-0000-0000-000000000000', 'u3333333-3333-3333-3333-333333333333', '2026-04-02 09:00:00+00', 'creacion', 'Informe creado por test docente'),
('i00000041-0000-0000-0000-000000000000', 'u5555555-5555-5555-5555-555555555555', '2026-04-03 10:00:00+00', 'aprobacion', 'Informe aprobado por Sistema Admin'),
('i00000042-0000-0000-0000-000000000000', 'u2222222-2222-2222-2222-222222222222', '2026-04-19 08:00:00+00', 'creacion', 'Informe creado por test preceptor'),
('i00000043-0000-0000-0000-000000000000', 'u3333333-3333-3333-3333-333333333333', '2026-03-08 09:00:00+00', 'creacion', 'Informe creado por test docente'),
('i00000043-0000-0000-0000-000000000000', 'u5555555-5555-5555-5555-555555555555', '2026-03-09 10:00:00+00', 'aprobacion', 'Informe aprobado por Sistema Admin'),
('i00000044-0000-0000-0000-000000000000', 'u3333333-3333-3333-3333-333333333333', '2026-04-22 10:00:00+00', 'creacion', 'Informe creado por test docente'),
('i00000045-0000-0000-0000-000000000000', 'u2222222-2222-2222-2222-222222222222', '2026-03-17 11:00:00+00', 'creacion', 'Informe creado por test preceptor'),
('i00000045-0000-0000-0000-000000000000', 'u5555555-5555-5555-5555-555555555555', '2026-03-18 09:00:00+00', 'aprobacion', 'Informe aprobado por Sistema Admin'),
('i00000046-0000-0000-0000-000000000000', 'u3333333-3333-3333-3333-333333333333', '2026-04-06 09:00:00+00', 'creacion', 'Informe creado por test docente'),
('i00000046-0000-0000-0000-000000000000', 'u4444444-4444-4444-4444-444444444444', '2026-04-07 10:00:00+00', 'aprobacion', 'Informe aprobado por test regente'),
('i00000047-0000-0000-0000-000000000000', 'u3333333-3333-3333-3333-333333333333', '2026-04-24 10:00:00+00', 'creacion', 'Informe creado por test docente'),
('i00000048-0000-0000-0000-000000000000', 'u2222222-2222-2222-2222-222222222222', '2026-04-03 12:00:00+00', 'creacion', 'Informe creado por test preceptor'),
('i00000048-0000-0000-0000-000000000000', 'u4444444-4444-4444-4444-444444444444', '2026-04-04 09:00:00+00', 'aprobacion', 'Informe aprobado por test regente'),
('i00000049-0000-0000-0000-000000000000', 'u3333333-3333-3333-3333-333333333333', '2026-04-20 08:15:00+00', 'creacion', 'Informe creado por test docente'),
('i00000050-0000-0000-0000-000000000000', 'u3333333-3333-3333-3333-333333333333', '2026-03-20 10:00:00+00', 'creacion', 'Informe creado por test docente'),
('i00000050-0000-0000-0000-000000000000', 'u4444444-4444-4444-4444-444444444444', '2026-03-21 09:00:00+00', 'aprobacion', 'Informe aprobado por test regente'),
('i00000051-0000-0000-0000-000000000000', 'u2222222-2222-2222-2222-222222222222', '2026-04-17 11:00:00+00', 'creacion', 'Informe creado por test preceptor'),
('i00000052-0000-0000-0000-000000000000', 'u3333333-3333-3333-3333-333333333333', '2026-04-01 12:30:00+00', 'creacion', 'Informe creado por test docente'),
('i00000052-0000-0000-0000-000000000000', 'u4444444-4444-4444-4444-444444444444', '2026-04-02 09:00:00+00', 'aprobacion', 'Informe aprobado por test regente'),
('i00000053-0000-0000-0000-000000000000', 'u3333333-3333-3333-3333-333333333333', '2026-04-15 09:00:00+00', 'creacion', 'Informe creado por test docente'),
('i00000054-0000-0000-0000-000000000000', 'u2222222-2222-2222-2222-222222222222', '2026-03-08 11:00:00+00', 'creacion', 'Informe creado por test preceptor'),
('i00000054-0000-0000-0000-000000000000', 'u4444444-4444-4444-4444-444444444444', '2026-03-09 09:00:00+00', 'aprobacion', 'Informe aprobado por test regente'),
('i00000055-0000-0000-0000-000000000000', 'u3333333-3333-3333-3333-333333333333', '2026-04-18 10:00:00+00', 'creacion', 'Informe creado por test docente'),
('i00000056-0000-0000-0000-000000000000', 'u3333333-3333-3333-3333-333333333333', '2026-04-10 13:00:00+00', 'creacion', 'Informe creado por test docente'),
('i00000056-0000-0000-0000-000000000000', 'u5555555-5555-5555-5555-555555555555', '2026-04-12 16:00:00+00', 'rechazo', 'Informe rechazado por Sistema Admin. Motivo: Falta bibliografía y citas correspondientes.'),
('i00000057-0000-0000-0000-000000000000', 'u2222222-2222-2222-2222-222222222222', '2026-03-15 09:00:00+00', 'creacion', 'Informe creado por test preceptor'),
('i00000057-0000-0000-0000-000000000000', 'u5555555-5555-5555-5555-555555555555', '2026-03-16 10:00:00+00', 'aprobacion', 'Informe aprobado por Sistema Admin'),
('i00000058-0000-0000-0000-000000000000', 'u3333333-3333-3333-3333-333333333333', '2026-04-14 14:00:00+00', 'creacion', 'Informe creado por test docente'),
('i00000059-0000-0000-0000-000000000000', 'u3333333-3333-3333-3333-333333333333', '2026-03-22 08:00:00+00', 'creacion', 'Informe creado por test docente'),
('i00000059-0000-0000-0000-000000000000', 'u5555555-5555-5555-5555-555555555555', '2026-03-23 09:00:00+00', 'aprobacion', 'Informe aprobado por Sistema Admin'),
('i00000060-0000-0000-0000-000000000000', 'u2222222-2222-2222-2222-222222222222', '2026-04-05 10:00:00+00', 'creacion', 'Informe creado por test preceptor'),
('i00000060-0000-0000-0000-000000000000', 'u4444444-4444-4444-4444-444444444444', '2026-04-06 09:00:00+00', 'aprobacion', 'Informe aprobado por test regente'),
('i00000061-0000-0000-0000-000000000000', 'u3333333-3333-3333-3333-333333333333', '2026-04-22 09:00:00+00', 'creacion', 'Informe creado por test docente'),
('i00000062-0000-0000-0000-000000000000', 'u3333333-3333-3333-3333-333333333333', '2026-03-12 12:00:00+00', 'creacion', 'Informe creado por test docente'),
('i00000062-0000-0000-0000-000000000000', 'u4444444-4444-4444-4444-444444444444', '2026-03-13 09:00:00+00', 'aprobacion', 'Informe aprobado por test regente'),
('i00000063-0000-0000-0000-000000000000', 'u2222222-2222-2222-2222-222222222222', '2026-04-12 09:00:00+00', 'creacion', 'Informe creado por test preceptor'),
('i00000063-0000-0000-0000-000000000000', 'u4444444-4444-4444-4444-444444444444', '2026-04-14 16:00:00+00', 'rechazo', 'Informe rechazado por test regente. Motivo: Falta evidencia fotográfica del hecho.'),
('i00000064-0000-0000-0000-000000000000', 'u3333333-3333-3333-3333-333333333333', '2026-04-08 09:00:00+00', 'creacion', 'Informe creado por test docente'),
('i00000064-0000-0000-0000-000000000000', 'u4444444-4444-4444-4444-444444444444', '2026-04-09 10:00:00+00', 'aprobacion', 'Informe aprobado por test regente'),
('i00000065-0000-0000-0000-000000000000', 'u3333333-3333-3333-3333-333333333333', '2026-04-20 11:00:00+00', 'creacion', 'Informe creado por test docente'),
('i00000066-0000-0000-0000-000000000000', 'u2222222-2222-2222-2222-222222222222', '2026-04-01 08:30:00+00', 'creacion', 'Informe creado por test preceptor'),
('i00000066-0000-0000-0000-000000000000', 'u4444444-4444-4444-4444-444444444444', '2026-04-02 09:00:00+00', 'aprobacion', 'Informe aprobado por test regente'),
('i00000067-0000-0000-0000-000000000000', 'u3333333-3333-3333-3333-333333333333', '2026-04-18 12:00:00+00', 'creacion', 'Informe creado por test docente'),
('i00000068-0000-0000-0000-000000000000', 'u3333333-3333-3333-3333-333333333333', '2026-03-25 10:00:00+00', 'creacion', 'Informe creado por test docente'),
('i00000068-0000-0000-0000-000000000000', 'u4444444-4444-4444-4444-444444444444', '2026-03-26 09:00:00+00', 'aprobacion', 'Informe aprobado por test regente'),
('i00000069-0000-0000-0000-000000000000', 'u2222222-2222-2222-2222-222222222222', '2026-04-21 08:00:00+00', 'creacion', 'Informe creado por test preceptor'),
('i00000070-0000-0000-0000-000000000000', 'u3333333-3333-3333-3333-333333333333', '2026-04-07 11:00:00+00', 'creacion', 'Informe creado por test docente'),
('i00000070-0000-0000-0000-000000000000', 'u4444444-4444-4444-4444-444444444444', '2026-04-08 09:00:00+00', 'aprobacion', 'Informe aprobado por test regente'),
('i00000071-0000-0000-0000-000000000000', 'u3333333-3333-3333-3333-333333333333', '2026-04-16 09:00:00+00', 'creacion', 'Informe creado por test docente'),
('i00000072-0000-0000-0000-000000000000', 'u2222222-2222-2222-2222-222222222222', '2026-03-18 10:00:00+00', 'creacion', 'Informe creado por test preceptor'),
('i00000072-0000-0000-0000-000000000000', 'u4444444-4444-4444-4444-444444444444', '2026-03-19 09:00:00+00', 'aprobacion', 'Informe aprobado por test regente'),
('i00000073-0000-0000-0000-000000000000', 'u3333333-3333-3333-3333-333333333333', '2026-04-23 14:00:00+00', 'creacion', 'Informe creado por test docente'),
('i00000074-0000-0000-0000-000000000000', 'u3333333-3333-3333-3333-333333333333', '2026-04-09 13:00:00+00', 'creacion', 'Informe creado por test docente'),
('i00000074-0000-0000-0000-000000000000', 'u5555555-5555-5555-5555-555555555555', '2026-04-11 16:00:00+00', 'rechazo', 'Informe rechazado por Sistema Admin. Motivo: Falta indicar fuentes y presentar borradores.'),
('i00000075-0000-0000-0000-000000000000', 'u2222222-2222-2222-2222-222222222222', '2026-04-14 08:15:00+00', 'creacion', 'Informe creado por test preceptor'),
('i00000075-0000-0000-0000-000000000000', 'u5555555-5555-5555-5555-555555555555', '2026-04-15 10:00:00+00', 'aprobacion', 'Informe aprobado por Sistema Admin'),
('i00000076-0000-0000-0000-000000000000', 'u3333333-3333-3333-3333-333333333333', '2026-04-04 10:00:00+00', 'creacion', 'Informe creado por test docente'),
('i00000076-0000-0000-0000-000000000000', 'u4444444-4444-4444-4444-444444444444', '2026-04-05 09:00:00+00', 'aprobacion', 'Informe aprobado por test regente'),
('i00000077-0000-0000-0000-000000000000', 'u3333333-3333-3333-3333-333333333333', '2026-04-19 12:00:00+00', 'creacion', 'Informe creado por test docente'),
('i00000078-0000-0000-0000-000000000000', 'u2222222-2222-2222-2222-222222222222', '2026-03-28 09:00:00+00', 'creacion', 'Informe creado por test preceptor'),
('i00000078-0000-0000-0000-000000000000', 'u4444444-4444-4444-4444-444444444444', '2026-03-29 10:00:00+00', 'aprobacion', 'Informe aprobado por test regente'),
('i00000079-0000-0000-0000-000000000000', 'u3333333-3333-3333-3333-333333333333', '2026-04-24 11:00:00+00', 'creacion', 'Informe creado por test docente'),
('i00000080-0000-0000-0000-000000000000', 'u3333333-3333-3333-3333-333333333333', '2026-04-02 09:00:00+00', 'creacion', 'Informe creado por test docente'),
('i00000080-0000-0000-0000-000000000000', 'u4444444-4444-4444-4444-444444444444', '2026-04-03 10:00:00+00', 'aprobacion', 'Informe aprobado por test regente'),
('i00000081-0000-0000-0000-000000000000', 'u2222222-2222-2222-2222-222222222222', '2026-04-20 10:00:00+00', 'creacion', 'Informe creado por test preceptor'),
('i00000082-0000-0000-0000-000000000000', 'u3333333-3333-3333-3333-333333333333', '2026-03-14 12:00:00+00', 'creacion', 'Informe creado por test docente'),
('i00000082-0000-0000-0000-000000000000', 'u4444444-4444-4444-4444-444444444444', '2026-03-15 09:00:00+00', 'aprobacion', 'Informe aprobado por test regente'),
('i00000083-0000-0000-0000-000000000000', 'u3333333-3333-3333-3333-333333333333', '2026-04-17 09:00:00+00', 'creacion', 'Informe creado por test docente'),
('i00000084-0000-0000-0000-000000000000', 'u2222222-2222-2222-2222-222222222222', '2026-04-11 10:00:00+00', 'creacion', 'Informe creado por test preceptor'),
('i00000084-0000-0000-0000-000000000000', 'u4444444-4444-4444-4444-444444444444', '2026-04-12 09:00:00+00', 'aprobacion', 'Informe aprobado por test regente'),
('i00000085-0000-0000-0000-000000000000', 'u3333333-3333-3333-3333-333333333333', '2026-04-23 08:00:00+00', 'creacion', 'Informe creado por test docente'),
('i00000086-0000-0000-0000-000000000000', 'u3333333-3333-3333-3333-333333333333', '2026-03-20 09:00:00+00', 'creacion', 'Informe creado por test docente'),
('i00000086-0000-0000-0000-000000000000', 'u4444444-4444-4444-4444-444444444444', '2026-03-21 10:00:00+00', 'aprobacion', 'Informe aprobado por test regente'),
('i00000087-0000-0000-0000-000000000000', 'u2222222-2222-2222-2222-222222222222', '2026-04-21 10:00:00+00', 'creacion', 'Informe creado por test preceptor'),
('i00000088-0000-0000-0000-000000000000', 'u3333333-3333-3333-3333-333333333333', '2026-04-13 13:00:00+00', 'creacion', 'Informe creado por test docente'),
('i00000088-0000-0000-0000-000000000000', 'u5555555-5555-5555-5555-555555555555', '2026-04-15 16:00:00+00', 'rechazo', 'Informe rechazado por Sistema Admin. Motivo: Falta evidencia del proceso de trabajo.'),
('i00000089-0000-0000-0000-000000000000', 'u3333333-3333-3333-3333-333333333333', '2026-04-22 10:00:00+00', 'creacion', 'Informe creado por test docente');
